{
  "meta": {
    "dataset": "KI_Projekt_Mosaic_AE_Codierung_2024_07_03",
    "model": "llama-3.3-70b-instruct",
    "n_candidates": 100,
    "max_rows": null,
    "seed": 42,
    "timestamp": "2026-02-10T12:08:31",
    "notes": "per-AE results saved in OUT_JSON with seed suffix; aggregated metrics saved here"
  },
  "counts": {
    "n_samples": 179,
    "n_pt_pairs": 162,
    "n_soc_optA": 147,
    "n_soc_optB": 139,
    "n_soc_any": 155
  },
  "metrics": {
    "LLT_term_acc_exact": 0.3575418994413408,
    "LLT_term_acc_fuzzy": 0.40782122905027934,
    "LLT_precision_macro": 0.19700647249190936,
    "LLT_recall_macro": 0.1656957928802589,
    "LLT_f1_macro": 0.17383263985205732,
    "PT_code_acc": 0.5308641975308642,
    "SOC_acc_option_a": 0.6870748299319728,
    "SOC_acc_option_b": 0.7697841726618705,
    "SOC_acc_any_of_vs_AE": 0.7548387096774194
  },
  "candidate_audit": {
    "n_total": 179,
    "n_true_in_candidates": 0,
    "pct_true_in_candidates": 0.0
  }
}