{
  "meta": {
    "dataset": "KI_Projekt_Mosaic_AE_Codierung_2024_07_03",
    "model": "llama-3.3-70b-instruct",
    "n_candidates": 100,
    "max_rows": null,
    "seed": 42,
    "timestamp": "2026-02-10T13:12:39",
    "notes": "per-AE results saved in OUT_JSON with seed suffix; aggregated metrics saved here"
  },
  "counts": {
    "n_samples": 179,
    "n_pt_pairs": 178,
    "n_soc_optA": 164,
    "n_soc_optB": 160,
    "n_soc_any": 170
  },
  "metrics": {
    "LLT_term_acc_exact": 0.5865921787709497,
    "LLT_term_acc_fuzzy": 0.659217877094972,
    "LLT_precision_macro": 0.4079667644183773,
    "LLT_recall_macro": 0.38268817204301075,
    "LLT_f1_macro": 0.37993855606758836,
    "PT_code_acc": 0.8033707865168539,
    "SOC_acc_option_a": 0.8048780487804879,
    "SOC_acc_option_b": 0.9,
    "SOC_acc_any_of_vs_AE": 0.8529411764705882
  },
  "candidate_audit": {
    "n_total": 179,
    "n_true_in_candidates": 129,
    "pct_true_in_candidates": 0.7206703910614525
  }
}