{
  "meta": {
    "dataset": "KI_Projekt_Mosaic_AE_Codierung_2024_07_03",
    "model": "nvidia-llama-3.3-70b-instruct-fp8",
    "top_k": 100,
    "max_rows": null,
    "embedding_dim": 384,
    "llm_temp": 0.0,
    "llm_token": 250,
    "timestamp": "2026-01-27T10:37:21",
    "notes": "per-AE results saved in OUTPUT_FILE_NAME.json; aggregated metrics saved here"
  },
  "counts": {
    "n_samples": 179,
    "n_LLT_code_eval": 179,
    "n_PT_code_eval": 178,
    "n_SOC_optA": 170,
    "n_SOC_optB": 169,
    "n_SOC_any": 170
  },
  "metrics": {
    "LLT_term_acc_exact": 0.5754189944134078,
    "LLT_term_acc_fuzzy": 0.6424581005586593,
    "LLT_precision_macro": 0.40561273108442913,
    "LLT_recall_macro": 0.3553459119496855,
    "LLT_f1_macro": 0.3666367175801138,
    "PT_term_acc_exact": 0.8491620111731844,
    "PT_term_acc_fuzzy": 0.8044692737430168,
    "PT_precision_macro": 0.7254901960784313,
    "PT_recall_macro": 0.709640522875817,
    "PT_f1_macro": 0.7063951843363608,
    "LLT_code_acc": 0.5754189944134078,
    "PT_code_acc": 0.8539325842696629,
    "SOC_acc_option_a": 0.8588235294117647,
    "SOC_acc_option_b": 0.9230769230769231,
    "SOC_acc_any_of_vs_AE": 0.8941176470588236
  }
}