{
  "meta": {
    "dataset": "KI_Projekt_Dauno_AE_Codierung_2022_10_20",
    "model": "Llama-3.3-70B-Instruct",
    "top_k": 10,
    "max_rows": null,
    "embedding_dim": 384,
    "llm_temp": 0.0,
    "llm_token": 250,
    "timestamp": "2025-09-25T14:58:09",
    "notes": "per-AE results saved in OUTPUT_FILE_NAME.json; aggregated metrics saved here"
  },
  "counts": {
    "n_samples": 443,
    "n_LLT_code_eval": 440,
    "n_PT_code_eval": 440,
    "n_SOC_optA": 401,
    "n_SOC_optB": 401,
    "n_SOC_any": 403
  },
  "metrics": {
    "LLT_term_acc_exact": 0.672686230248307,
    "LLT_term_acc_fuzzy": 0.708803611738149,
    "LLT_precision_macro": 0.48514677103718196,
    "LLT_recall_macro": 0.4896140938011099,
    "LLT_f1_macro": 0.47834949778785396,
    "PT_term_acc_exact": 0.8419864559819413,
    "PT_term_acc_fuzzy": 0.7697516930022573,
    "PT_precision_macro": 0.75000065267335,
    "PT_recall_macro": 0.7431088628633271,
    "PT_f1_macro": 0.7371377382538097,
    "LLT_code_acc": 0.6772727272727272,
    "PT_code_acc": 0.8454545454545455,
    "SOC_acc_option_a": 0.8877805486284289,
    "SOC_acc_option_b": 0.9476309226932669,
    "SOC_acc_any_of_vs_AE": 0.9280397022332506
  }
}