{
  "meta": {
    "dataset": "KI_Projekt_Dauno_AE_Codierung_2022_10_20",
    "model": "Llama-3.3-70B-Instruct",
    "top_k": 10,
    "max_rows": null,
    "embedding_dim": 384,
    "llm_temp": 0.0,
    "llm_token": 250,
    "timestamp": "2025-09-25T16:11:12",
    "notes": "per-AE results saved in OUTPUT_FILE_NAME.json; aggregated metrics saved here"
  },
  "counts": {
    "n_samples": 443,
    "n_LLT_code_eval": 441,
    "n_PT_code_eval": 441,
    "n_SOC_optA": 404,
    "n_SOC_optB": 404,
    "n_SOC_any": 406
  },
  "metrics": {
    "LLT_term_acc_exact": 0.6749435665914221,
    "LLT_term_acc_fuzzy": 0.7110609480812641,
    "LLT_precision_macro": 0.4962340060678011,
    "LLT_recall_macro": 0.49743284603576066,
    "LLT_f1_macro": 0.48742733949675454,
    "PT_term_acc_exact": 0.8510158013544018,
    "PT_term_acc_fuzzy": 0.7787810383747178,
    "PT_precision_macro": 0.755237441846664,
    "PT_recall_macro": 0.7475385970961193,
    "PT_f1_macro": 0.7435698237444437,
    "LLT_code_acc": 0.6780045351473923,
    "PT_code_acc": 0.8526077097505669,
    "SOC_acc_option_a": 0.8910891089108911,
    "SOC_acc_option_b": 0.9529702970297029,
    "SOC_acc_any_of_vs_AE": 0.9261083743842364
  }
}