{
  "meta": {
    "dataset": "KI_Projekt_Delta_AE_Codierung_2023_02_08",
    "model": "Llama-3.3-70B-Instruct",
    "top_k": 10,
    "max_rows": null,
    "embedding_dim": 384,
    "llm_temp": 0.0,
    "llm_token": 250,
    "timestamp": "2025-09-25T14:28:50",
    "notes": "per-AE results saved in OUTPUT_FILE_NAME.json; aggregated metrics saved here"
  },
  "counts": {
    "n_samples": 226,
    "n_LLT_code_eval": 225,
    "n_PT_code_eval": 223,
    "n_SOC_optA": 212,
    "n_SOC_optB": 211,
    "n_SOC_any": 216
  },
  "metrics": {
    "LLT_term_acc_exact": 0.6327433628318584,
    "LLT_term_acc_fuzzy": 0.6504424778761062,
    "LLT_precision_macro": 0.4252158894645941,
    "LLT_recall_macro": 0.4294300518134715,
    "LLT_f1_macro": 0.41743195001348,
    "PT_term_acc_exact": 0.8141592920353983,
    "PT_term_acc_fuzzy": 0.7743362831858407,
    "PT_precision_macro": 0.6802798982188296,
    "PT_recall_macro": 0.6717543270978386,
    "PT_f1_macro": 0.6639458929535265,
    "LLT_code_acc": 0.6355555555555555,
    "PT_code_acc": 0.820627802690583,
    "SOC_acc_option_a": 0.839622641509434,
    "SOC_acc_option_b": 0.9146919431279621,
    "SOC_acc_any_of_vs_AE": 0.8888888888888888
  }
}