{
  "meta": {
    "dataset": "KI_Projekt_Delta_AE_Codierung_2023_02_08",
    "model": "Llama-3.3-70B-Instruct",
    "top_k": 10,
    "max_rows": null,
    "embedding_dim": 384,
    "llm_temp": 0.0,
    "llm_token": 250,
    "timestamp": "2025-09-25T13:57:26",
    "notes": "per-AE results saved in OUTPUT_FILE_NAME.json; aggregated metrics saved here"
  },
  "counts": {
    "n_samples": 226,
    "n_LLT_code_eval": 225,
    "n_PT_code_eval": 223,
    "n_SOC_optA": 212,
    "n_SOC_optB": 211,
    "n_SOC_any": 216
  },
  "metrics": {
    "LLT_term_acc_exact": 0.6017699115044248,
    "LLT_term_acc_fuzzy": 0.6327433628318584,
    "LLT_precision_macro": 0.4177664974619289,
    "LLT_recall_macro": 0.41401015228426397,
    "LLT_f1_macro": 0.40667036092536246,
    "PT_term_acc_exact": 0.8185840707964602,
    "PT_term_acc_fuzzy": 0.7787610619469026,
    "PT_precision_macro": 0.6592875318066157,
    "PT_recall_macro": 0.6647750468361154,
    "PT_f1_macro": 0.6505529669651807,
    "LLT_code_acc": 0.6044444444444445,
    "PT_code_acc": 0.8251121076233184,
    "SOC_acc_option_a": 0.8443396226415094,
    "SOC_acc_option_b": 0.909952606635071,
    "SOC_acc_any_of_vs_AE": 0.8981481481481481
  }
}