{
  "meta": {
    "dataset": "KI_Projekt_Dauno_AE_Codierung_2022_10_20",
    "model": "nvidia-llama-3.3-70b-instruct-fp8",
    "top_k": 30,
    "max_rows": null,
    "embedding_dim": 384,
    "llm_temp": 0.0,
    "llm_token": 250,
    "timestamp": "2026-01-30T14:54:17",
    "notes": "per-AE results saved in OUTPUT_FILE_NAME.json; aggregated metrics saved here",
    "concurrency": 30,
    "max_retries": 4
  },
  "counts": {
    "n_samples": 443,
    "n_LLT_code_eval": 440,
    "n_PT_code_eval": 440,
    "n_SOC_optA": 396,
    "n_SOC_optB": 394,
    "n_SOC_any": 398
  },
  "metrics": {
    "LLT_term_acc_exact": 0.5417607223476298,
    "LLT_term_acc_fuzzy": 0.5869074492099323,
    "LLT_precision_macro": 0.35782909655090106,
    "LLT_recall_macro": 0.3632509300538068,
    "LLT_f1_macro": 0.34911758806495646,
    "PT_term_acc_exact": 0.7720090293453724,
    "PT_term_acc_fuzzy": 0.7042889390519187,
    "PT_precision_macro": 0.6641065249629263,
    "PT_recall_macro": 0.6532838135254101,
    "PT_f1_macro": 0.6477780708652005,
    "LLT_code_acc": 0.5454545454545454,
    "PT_code_acc": 0.775,
    "SOC_acc_option_a": 0.8585858585858586,
    "SOC_acc_option_b": 0.916243654822335,
    "SOC_acc_any_of_vs_AE": 0.8969849246231156
  }
}