{
  "meta": {
    "dataset": "KI_Projekt_Mosaic_AE_Codierung_2024_07_03",
    "model": "nvidia-llama-3.3-70b-instruct-fp8",
    "top_k": 30,
    "max_rows": null,
    "embedding_dim": 384,
    "llm_temp": 0.0,
    "llm_token": 250,
    "timestamp": "2026-01-30T14:41:45",
    "notes": "per-AE results saved in OUTPUT_FILE_NAME.json; aggregated metrics saved here",
    "concurrency": 30,
    "max_retries": 4
  },
  "counts": {
    "n_samples": 179,
    "n_LLT_code_eval": 178,
    "n_PT_code_eval": 177,
    "n_SOC_optA": 169,
    "n_SOC_optB": 168,
    "n_SOC_any": 169
  },
  "metrics": {
    "LLT_term_acc_exact": 0.553072625698324,
    "LLT_term_acc_fuzzy": 0.6033519553072626,
    "LLT_precision_macro": 0.35030864197530864,
    "LLT_recall_macro": 0.3258230452674897,
    "LLT_f1_macro": 0.3271578216022661,
    "PT_term_acc_exact": 0.8156424581005587,
    "PT_term_acc_fuzzy": 0.770949720670391,
    "PT_precision_macro": 0.684958071278826,
    "PT_recall_macro": 0.6636792452830188,
    "PT_f1_macro": 0.6630166754794362,
    "LLT_code_acc": 0.5561797752808989,
    "PT_code_acc": 0.8248587570621468,
    "SOC_acc_option_a": 0.834319526627219,
    "SOC_acc_option_b": 0.8928571428571429,
    "SOC_acc_any_of_vs_AE": 0.893491124260355
  }
}