{
  "meta": {
    "dataset": "KI_Projekt_Mosaic_AE_Codierung_2024_07_03",
    "model": "nvidia-llama-3.3-70b-instruct-fp8",
    "top_k": 30,
    "max_rows": null,
    "embedding_dim": 384,
    "llm_temp": 0.0,
    "llm_token": 250,
    "timestamp": "2026-01-30T14:40:59",
    "notes": "per-AE results saved in OUTPUT_FILE_NAME.json; aggregated metrics saved here",
    "concurrency": 30,
    "max_retries": 4
  },
  "counts": {
    "n_samples": 179,
    "n_LLT_code_eval": 178,
    "n_PT_code_eval": 177,
    "n_SOC_optA": 168,
    "n_SOC_optB": 167,
    "n_SOC_any": 168
  },
  "metrics": {
    "LLT_term_acc_exact": 0.5418994413407822,
    "LLT_term_acc_fuzzy": 0.5977653631284916,
    "LLT_precision_macro": 0.3555900621118012,
    "LLT_recall_macro": 0.32712215320910976,
    "LLT_f1_macro": 0.3300180151111828,
    "PT_term_acc_exact": 0.8100558659217877,
    "PT_term_acc_fuzzy": 0.7653631284916201,
    "PT_precision_macro": 0.6683800623052959,
    "PT_recall_macro": 0.6465732087227415,
    "PT_f1_macro": 0.6458348505077477,
    "LLT_code_acc": 0.5449438202247191,
    "PT_code_acc": 0.8192090395480226,
    "SOC_acc_option_a": 0.8273809523809523,
    "SOC_acc_option_b": 0.8862275449101796,
    "SOC_acc_any_of_vs_AE": 0.8809523809523809
  }
}