{
  "meta": {
    "dataset": "KI_Projekt_Dauno_AE_Codierung_2022_10_20",
    "model": "nvidia-llama-3.3-70b-instruct-fp8",
    "top_k": 10,
    "max_rows": null,
    "embedding_dim": 384,
    "llm_temp": 0.0,
    "llm_token": 250,
    "timestamp": "2026-01-30T15:04:38",
    "notes": "per-AE results saved in OUTPUT_FILE_NAME.json; aggregated metrics saved here",
    "concurrency": 30,
    "max_retries": 4
  },
  "counts": {
    "n_samples": 443,
    "n_LLT_code_eval": 441,
    "n_PT_code_eval": 441,
    "n_SOC_optA": 405,
    "n_SOC_optB": 402,
    "n_SOC_any": 407
  },
  "metrics": {
    "LLT_term_acc_exact": 0.5191873589164786,
    "LLT_term_acc_fuzzy": 0.5665914221218962,
    "LLT_precision_macro": 0.36191684795745704,
    "LLT_recall_macro": 0.3641962310109518,
    "LLT_f1_macro": 0.3527787849488357,
    "PT_term_acc_exact": 0.7652370203160271,
    "PT_term_acc_fuzzy": 0.6997742663656885,
    "PT_precision_macro": 0.6478897829974385,
    "PT_recall_macro": 0.6301363323315802,
    "PT_f1_macro": 0.6283317342970108,
    "LLT_code_acc": 0.5215419501133787,
    "PT_code_acc": 0.7664399092970522,
    "SOC_acc_option_a": 0.8617283950617284,
    "SOC_acc_option_b": 0.917910447761194,
    "SOC_acc_any_of_vs_AE": 0.9017199017199017
  }
}