{
  "meta": {
    "dataset": "KI_Projekt_Delta_AE_Codierung_2023_02_08",
    "model": "nvidia-llama-3.3-70b-instruct-fp8",
    "top_k": 10,
    "max_rows": null,
    "embedding_dim": 384,
    "llm_temp": 0.0,
    "llm_token": 250,
    "timestamp": "2026-01-30T15:15:47",
    "notes": "per-AE results saved in OUTPUT_FILE_NAME.json; aggregated metrics saved here",
    "concurrency": 30,
    "max_retries": 4
  },
  "counts": {
    "n_samples": 226,
    "n_LLT_code_eval": 224,
    "n_PT_code_eval": 222,
    "n_SOC_optA": 212,
    "n_SOC_optB": 210,
    "n_SOC_any": 216
  },
  "metrics": {
    "LLT_term_acc_exact": 0.5,
    "LLT_term_acc_fuzzy": 0.5398230088495575,
    "LLT_precision_macro": 0.2953807329383366,
    "LLT_recall_macro": 0.29242703533026115,
    "LLT_f1_macro": 0.28542684383417216,
    "PT_term_acc_exact": 0.7389380530973452,
    "PT_term_acc_fuzzy": 0.7035398230088495,
    "PT_precision_macro": 0.5697448979591836,
    "PT_recall_macro": 0.556866823652538,
    "PT_f1_macro": 0.5499510410224696,
    "LLT_code_acc": 0.5044642857142857,
    "PT_code_acc": 0.7477477477477478,
    "SOC_acc_option_a": 0.8349056603773585,
    "SOC_acc_option_b": 0.8857142857142857,
    "SOC_acc_any_of_vs_AE": 0.8796296296296297
  }
}