{
  "meta": {
    "dataset": "KI_Projekt_Delta_AE_Codierung_2023_02_08",
    "model": "nvidia-llama-3.3-70b-instruct-fp8",
    "top_k": 10,
    "max_rows": null,
    "embedding_dim": 384,
    "llm_temp": 0.0,
    "llm_token": 250,
    "timestamp": "2026-01-30T15:09:15",
    "notes": "per-AE results saved in OUTPUT_FILE_NAME.json; aggregated metrics saved here",
    "concurrency": 30,
    "max_retries": 4
  },
  "counts": {
    "n_samples": 226,
    "n_LLT_code_eval": 223,
    "n_PT_code_eval": 221,
    "n_SOC_optA": 211,
    "n_SOC_optB": 209,
    "n_SOC_any": 215
  },
  "metrics": {
    "LLT_term_acc_exact": 0.4823008849557522,
    "LLT_term_acc_fuzzy": 0.5221238938053098,
    "LLT_precision_macro": 0.29657807308970097,
    "LLT_recall_macro": 0.2953643410852713,
    "LLT_f1_macro": 0.2887214607777643,
    "PT_term_acc_exact": 0.7389380530973452,
    "PT_term_acc_fuzzy": 0.7035398230088495,
    "PT_precision_macro": 0.5610111317254174,
    "PT_recall_macro": 0.5489782836211408,
    "PT_f1_macro": 0.5403427128427127,
    "LLT_code_acc": 0.48878923766816146,
    "PT_code_acc": 0.751131221719457,
    "SOC_acc_option_a": 0.8341232227488151,
    "SOC_acc_option_b": 0.8851674641148325,
    "SOC_acc_any_of_vs_AE": 0.8837209302325582
  }
}