{
  "meta": {
    "dataset": "KI_Projekt_Mosaic_AE_Codierung_2024_07_03",
    "model": "nvidia-llama-3.3-70b-instruct-fp8",
    "top_k": 10,
    "max_rows": null,
    "embedding_dim": 384,
    "llm_temp": 0.0,
    "llm_token": 250,
    "timestamp": "2026-01-30T15:24:35",
    "notes": "per-AE results saved in OUTPUT_FILE_NAME.json; aggregated metrics saved here",
    "concurrency": 30,
    "max_retries": 4
  },
  "counts": {
    "n_samples": 179,
    "n_LLT_code_eval": 179,
    "n_PT_code_eval": 178,
    "n_SOC_optA": 170,
    "n_SOC_optB": 169,
    "n_SOC_any": 170
  },
  "metrics": {
    "LLT_term_acc_exact": 0.5363128491620112,
    "LLT_term_acc_fuzzy": 0.5810055865921788,
    "LLT_precision_macro": 0.34652351738241305,
    "LLT_recall_macro": 0.32607361963190185,
    "LLT_f1_macro": 0.3264680105170903,
    "PT_term_acc_exact": 0.7988826815642458,
    "PT_term_acc_fuzzy": 0.7541899441340782,
    "PT_precision_macro": 0.6694189602446483,
    "PT_recall_macro": 0.635474006116208,
    "PT_f1_macro": 0.637814580933847,
    "LLT_code_acc": 0.5363128491620112,
    "PT_code_acc": 0.8033707865168539,
    "SOC_acc_option_a": 0.8,
    "SOC_acc_option_b": 0.8579881656804734,
    "SOC_acc_any_of_vs_AE": 0.8470588235294118
  }
}