{
  "meta": {
    "dataset": "KI_Projekt_Mosaic_AE_Codierung_2024_07_03",
    "model": "Llama-3.3-70B-Instruct",
    "top_k": 10,
    "max_rows": null,
    "embedding_dim": 384,
    "llm_temp": 0.0,
    "llm_token": 250,
    "timestamp": "2025-09-25T11:16:29",
    "notes": "per-AE results saved in OUTPUT_FILE_NAME.json; aggregated metrics saved here"
  },
  "counts": {
    "n_samples": 179,
    "n_LLT_code_eval": 177,
    "n_PT_code_eval": 176,
    "n_SOC_optA": 167,
    "n_SOC_optB": 167,
    "n_SOC_any": 167
  },
  "metrics": {
    "LLT_term_acc_exact": 0.664804469273743,
    "LLT_term_acc_fuzzy": 0.7206703910614525,
    "LLT_precision_macro": 0.5173611111111112,
    "LLT_recall_macro": 0.48750000000000004,
    "LLT_f1_macro": 0.49050625300625306,
    "PT_term_acc_exact": 0.8659217877094972,
    "PT_term_acc_fuzzy": 0.8156424581005587,
    "PT_precision_macro": 0.8042671614100185,
    "PT_recall_macro": 0.7846938775510205,
    "PT_f1_macro": 0.7815266366286774,
    "LLT_code_acc": 0.672316384180791,
    "PT_code_acc": 0.8806818181818182,
    "SOC_acc_option_a": 0.844311377245509,
    "SOC_acc_option_b": 0.9161676646706587,
    "SOC_acc_any_of_vs_AE": 0.8802395209580839
  }
}