{
  "meta": {
    "dataset": "KI_Projekt_Dauno_AE_Codierung_2022_10_20",
    "model": "nvidia-llama-3.3-70b-instruct-fp8",
    "top_k": 10,
    "max_rows": null,
    "embedding_dim": 384,
    "llm_temp": 0.0,
    "llm_token": 250,
    "timestamp": "2026-01-30T15:04:36",
    "notes": "per-AE results saved in OUTPUT_FILE_NAME.json; aggregated metrics saved here",
    "concurrency": 30,
    "max_retries": 4
  },
  "counts": {
    "n_samples": 443,
    "n_LLT_code_eval": 439,
    "n_PT_code_eval": 439,
    "n_SOC_optA": 403,
    "n_SOC_optB": 400,
    "n_SOC_any": 405
  },
  "metrics": {
    "LLT_term_acc_exact": 0.5237020316027088,
    "LLT_term_acc_fuzzy": 0.5643340857787811,
    "LLT_precision_macro": 0.3724914965986394,
    "LLT_recall_macro": 0.37666945441180133,
    "LLT_f1_macro": 0.36430226852645814,
    "PT_term_acc_exact": 0.7516930022573364,
    "PT_term_acc_fuzzy": 0.6862302483069977,
    "PT_precision_macro": 0.628506779262839,
    "PT_recall_macro": 0.6140588155069862,
    "PT_f1_macro": 0.6095269966765681,
    "LLT_code_acc": 0.5284738041002278,
    "PT_code_acc": 0.7585421412300684,
    "SOC_acc_option_a": 0.8486352357320099,
    "SOC_acc_option_b": 0.9025,
    "SOC_acc_any_of_vs_AE": 0.8864197530864197
  }
}