{
  "meta": {
    "dataset": "KI_Projekt_Dauno_AE_Codierung_2022_10_20",
    "model": "nvidia-llama-3.3-70b-instruct-fp8",
    "top_k": 10,
    "max_rows": null,
    "embedding_dim": 384,
    "llm_temp": 0.0,
    "llm_token": 250,
    "timestamp": "2026-01-30T15:10:27",
    "notes": "per-AE results saved in OUTPUT_FILE_NAME.json; aggregated metrics saved here",
    "concurrency": 30,
    "max_retries": 4
  },
  "counts": {
    "n_samples": 443,
    "n_LLT_code_eval": 442,
    "n_PT_code_eval": 442,
    "n_SOC_optA": 405,
    "n_SOC_optB": 402,
    "n_SOC_any": 407
  },
  "metrics": {
    "LLT_term_acc_exact": 0.5259593679458239,
    "LLT_term_acc_fuzzy": 0.5711060948081265,
    "LLT_precision_macro": 0.36478764728135005,
    "LLT_recall_macro": 0.36456274623780915,
    "LLT_f1_macro": 0.3546804599241486,
    "PT_term_acc_exact": 0.7584650112866818,
    "PT_term_acc_fuzzy": 0.6930022573363431,
    "PT_precision_macro": 0.6358586467373835,
    "PT_recall_macro": 0.6203184878645944,
    "PT_f1_macro": 0.6158247765310224,
    "LLT_code_acc": 0.5271493212669683,
    "PT_code_acc": 0.7579185520361991,
    "SOC_acc_option_a": 0.8592592592592593,
    "SOC_acc_option_b": 0.9129353233830846,
    "SOC_acc_any_of_vs_AE": 0.8992628992628993
  }
}