{
  "meta": {
    "dataset": "KI_Projekt_Delta_AE_Codierung_2023_02_08",
    "model": "nvidia-llama-3.3-70b-instruct-fp8",
    "top_k": 10,
    "max_rows": null,
    "embedding_dim": 384,
    "llm_temp": 0.0,
    "llm_token": 250,
    "timestamp": "2026-01-30T15:20:39",
    "notes": "per-AE results saved in OUTPUT_FILE_NAME.json; aggregated metrics saved here",
    "concurrency": 30,
    "max_retries": 4
  },
  "counts": {
    "n_samples": 226,
    "n_LLT_code_eval": 222,
    "n_PT_code_eval": 220,
    "n_SOC_optA": 210,
    "n_SOC_optB": 208,
    "n_SOC_any": 214
  },
  "metrics": {
    "LLT_term_acc_exact": 0.4911504424778761,
    "LLT_term_acc_fuzzy": 0.5309734513274337,
    "LLT_precision_macro": 0.30107921673342236,
    "LLT_recall_macro": 0.30218068535825543,
    "LLT_f1_macro": 0.29278125820181894,
    "PT_term_acc_exact": 0.7389380530973452,
    "PT_term_acc_fuzzy": 0.7035398230088495,
    "PT_precision_macro": 0.5625727989037341,
    "PT_recall_macro": 0.5547065644187946,
    "PT_f1_macro": 0.5462985455791212,
    "LLT_code_acc": 0.5,
    "PT_code_acc": 0.7545454545454545,
    "SOC_acc_option_a": 0.8380952380952381,
    "SOC_acc_option_b": 0.8894230769230769,
    "SOC_acc_any_of_vs_AE": 0.883177570093458
  }
}