{
  "meta": {
    "dataset": "KI_Projekt_Dauno_AE_Codierung_2022_10_20",
    "model": "nvidia-llama-3.3-70b-instruct-fp8",
    "top_k": 30,
    "max_rows": null,
    "embedding_dim": 384,
    "llm_temp": 0.0,
    "llm_token": 250,
    "timestamp": "2026-01-30T14:51:30",
    "notes": "per-AE results saved in OUTPUT_FILE_NAME.json; aggregated metrics saved here",
    "concurrency": 30,
    "max_retries": 4
  },
  "counts": {
    "n_samples": 443,
    "n_LLT_code_eval": 441,
    "n_PT_code_eval": 441,
    "n_SOC_optA": 394,
    "n_SOC_optB": 393,
    "n_SOC_any": 397
  },
  "metrics": {
    "LLT_term_acc_exact": 0.5327313769751693,
    "LLT_term_acc_fuzzy": 0.5733634311512416,
    "LLT_precision_macro": 0.35948161543098256,
    "LLT_recall_macro": 0.36245571098625584,
    "LLT_f1_macro": 0.3514743034743035,
    "PT_term_acc_exact": 0.7629796839729119,
    "PT_term_acc_fuzzy": 0.6930022573363431,
    "PT_precision_macro": 0.6342641894780077,
    "PT_recall_macro": 0.6272964867765287,
    "PT_f1_macro": 0.6201450596187439,
    "LLT_code_acc": 0.5351473922902494,
    "PT_code_acc": 0.764172335600907,
    "SOC_acc_option_a": 0.8553299492385786,
    "SOC_acc_option_b": 0.9083969465648855,
    "SOC_acc_any_of_vs_AE": 0.9042821158690176
  }
}