{
  "meta": {
    "dataset": "KI_Projekt_Dauno_AE_Codierung_2022_10_20",
    "model": "nvidia-llama-3.3-70b-instruct-fp8",
    "top_k": 30,
    "max_rows": null,
    "embedding_dim": 384,
    "llm_temp": 0.0,
    "llm_token": 250,
    "timestamp": "2026-01-30T14:56:43",
    "notes": "per-AE results saved in OUTPUT_FILE_NAME.json; aggregated metrics saved here",
    "concurrency": 30,
    "max_retries": 4
  },
  "counts": {
    "n_samples": 443,
    "n_LLT_code_eval": 440,
    "n_PT_code_eval": 440,
    "n_SOC_optA": 396,
    "n_SOC_optB": 394,
    "n_SOC_any": 399
  },
  "metrics": {
    "LLT_term_acc_exact": 0.5417607223476298,
    "LLT_term_acc_fuzzy": 0.5801354401805869,
    "LLT_precision_macro": 0.37253456810418834,
    "LLT_recall_macro": 0.372428717249851,
    "LLT_f1_macro": 0.3625006797993611,
    "PT_term_acc_exact": 0.7674943566591422,
    "PT_term_acc_fuzzy": 0.6997742663656885,
    "PT_precision_macro": 0.6565863017009577,
    "PT_recall_macro": 0.6483951959057892,
    "PT_f1_macro": 0.642093299660313,
    "LLT_code_acc": 0.5454545454545454,
    "PT_code_acc": 0.7704545454545455,
    "SOC_acc_option_a": 0.8560606060606061,
    "SOC_acc_option_b": 0.9086294416243654,
    "SOC_acc_any_of_vs_AE": 0.9022556390977443
  }
}