{
  "meta": {
    "dataset": "KI_Projekt_Delta_AE_Codierung_2023_02_08",
    "model": "nvidia-llama-3.3-70b-instruct-fp8",
    "top_k": 30,
    "max_rows": null,
    "embedding_dim": 384,
    "llm_temp": 0.0,
    "llm_token": 250,
    "timestamp": "2026-01-30T14:45:16",
    "notes": "per-AE results saved in OUTPUT_FILE_NAME.json; aggregated metrics saved here",
    "concurrency": 30,
    "max_retries": 4
  },
  "counts": {
    "n_samples": 226,
    "n_LLT_code_eval": 224,
    "n_PT_code_eval": 222,
    "n_SOC_optA": 211,
    "n_SOC_optB": 210,
    "n_SOC_any": 215
  },
  "metrics": {
    "LLT_term_acc_exact": 0.48672566371681414,
    "LLT_term_acc_fuzzy": 0.5221238938053098,
    "LLT_precision_macro": 0.3062780772686433,
    "LLT_recall_macro": 0.30721698113207546,
    "LLT_f1_macro": 0.29459357501810335,
    "PT_term_acc_exact": 0.7699115044247787,
    "PT_term_acc_fuzzy": 0.7300884955752213,
    "PT_precision_macro": 0.5801043483879305,
    "PT_recall_macro": 0.5946298726149472,
    "PT_f1_macro": 0.576420363831136,
    "LLT_code_acc": 0.49107142857142855,
    "PT_code_acc": 0.7792792792792793,
    "SOC_acc_option_a": 0.8341232227488151,
    "SOC_acc_option_b": 0.8857142857142857,
    "SOC_acc_any_of_vs_AE": 0.8883720930232558
  }
}