{
  "meta": {
    "dataset": "KI_Projekt_Mosaic_AE_Codierung_2024_07_03",
    "model": "Llama-3.3-70B-Instruct",
    "top_k": 10,
    "max_rows": null,
    "embedding_dim": 384,
    "llm_temp": 0.0,
    "llm_token": 250,
    "timestamp": "2025-09-25T11:37:34",
    "notes": "per-AE results saved in OUTPUT_FILE_NAME.json; aggregated metrics saved here"
  },
  "counts": {
    "n_samples": 179,
    "n_LLT_code_eval": 179,
    "n_PT_code_eval": 178,
    "n_SOC_optA": 169,
    "n_SOC_optB": 169,
    "n_SOC_any": 169
  },
  "metrics": {
    "LLT_term_acc_exact": 0.6480446927374302,
    "LLT_term_acc_fuzzy": 0.7039106145251397,
    "LLT_precision_macro": 0.4854022988505747,
    "LLT_recall_macro": 0.460919540229885,
    "LLT_f1_macro": 0.4602627257799671,
    "PT_term_acc_exact": 0.88268156424581,
    "PT_term_acc_fuzzy": 0.8324022346368715,
    "PT_precision_macro": 0.8199652777777778,
    "PT_recall_macro": 0.8045138888888888,
    "PT_f1_macro": 0.7998230266322371,
    "LLT_code_acc": 0.6480446927374302,
    "PT_code_acc": 0.8876404494382022,
    "SOC_acc_option_a": 0.8579881656804734,
    "SOC_acc_option_b": 0.9171597633136095,
    "SOC_acc_any_of_vs_AE": 0.8816568047337278
  }
}