{
  "meta": {
    "dataset": "KI_Projekt_Mosaic_AE_Codierung_2024_07_03",
    "model": "Llama-3.3-70B-Instruct",
    "top_k": 10,
    "max_rows": null,
    "embedding_dim": 384,
    "llm_temp": 0.0,
    "llm_token": 250,
    "timestamp": "2025-09-25T12:38:27",
    "notes": "per-AE results saved in OUTPUT_FILE_NAME.json; aggregated metrics saved here"
  },
  "counts": {
    "n_samples": 179,
    "n_LLT_code_eval": 178,
    "n_PT_code_eval": 177,
    "n_SOC_optA": 168,
    "n_SOC_optB": 168,
    "n_SOC_any": 168
  },
  "metrics": {
    "LLT_term_acc_exact": 0.6536312849162011,
    "LLT_term_acc_fuzzy": 0.7094972067039106,
    "LLT_precision_macro": 0.509090909090909,
    "LLT_recall_macro": 0.4690804597701149,
    "LLT_f1_macro": 0.47182266009852214,
    "PT_term_acc_exact": 0.8603351955307262,
    "PT_term_acc_fuzzy": 0.8100558659217877,
    "PT_precision_macro": 0.779,
    "PT_recall_macro": 0.7573333333333332,
    "PT_f1_macro": 0.753753246753247,
    "LLT_code_acc": 0.6573033707865169,
    "PT_code_acc": 0.8700564971751412,
    "SOC_acc_option_a": 0.8392857142857143,
    "SOC_acc_option_b": 0.9047619047619048,
    "SOC_acc_any_of_vs_AE": 0.8809523809523809
  }
}