{
  "meta": {
    "dataset": "KI_Projekt_Dauno_AE_Codierung_2022_10_20",
    "model": "llama-3.3-70b-instruct",
    "n_candidates": 100,
    "max_rows": null,
    "seed": 42,
    "timestamp": "2025-09-25T20:19:42",
    "notes": "per-AE results saved in OUT_JSON with seed suffix; aggregated metrics saved here"
  },
  "counts": {
    "n_samples": 443,
    "n_pt_pairs": 443,
    "n_soc_optA": 388,
    "n_soc_optB": 382,
    "n_soc_any": 411
  },
  "metrics": {
    "LLT_term_acc_exact": 0.7516930022573364,
    "LLT_term_acc_fuzzy": 0.7878103837471784,
    "LLT_precision_macro": 0.5924482174482174,
    "LLT_recall_macro": 0.6017971148405932,
    "LLT_f1_macro": 0.5860969733041805,
    "PT_code_acc": 0.891647855530474,
    "SOC_acc_option_a": 0.8891752577319587,
    "SOC_acc_option_b": 0.9712041884816754,
    "SOC_acc_any_of_vs_AE": 0.9343065693430657
  }
}