{
  "meta": {
    "dataset": "KI_Projekt_Dauno_AE_Codierung_2022_10_20",
    "model": "llama-3.3-70b-instruct",
    "n_candidates": 100,
    "max_rows": null,
    "seed": 44,
    "timestamp": "2025-09-25T20:51:23",
    "notes": "per-AE results saved in OUT_JSON with seed suffix; aggregated metrics saved here"
  },
  "counts": {
    "n_samples": 443,
    "n_pt_pairs": 441,
    "n_soc_optA": 384,
    "n_soc_optB": 380,
    "n_soc_any": 408
  },
  "metrics": {
    "LLT_term_acc_exact": 0.7313769751693002,
    "LLT_term_acc_fuzzy": 0.7765237020316027,
    "LLT_precision_macro": 0.566327614379085,
    "LLT_recall_macro": 0.5683010595542565,
    "LLT_f1_macro": 0.5578597795393461,
    "PT_code_acc": 0.8820861678004536,
    "SOC_acc_option_a": 0.890625,
    "SOC_acc_option_b": 0.968421052631579,
    "SOC_acc_any_of_vs_AE": 0.9338235294117647
  }
}