{
  "meta": {
    "dataset": "KI_Projekt_Delta_AE_Codierung_2023_02_08",
    "model": "llama-3.3-70b-instruct",
    "n_candidates": 100,
    "max_rows": null,
    "seed": 44,
    "timestamp": "2025-09-25T18:49:24",
    "notes": "per-AE results saved in OUT_JSON with seed suffix; aggregated metrics saved here"
  },
  "counts": {
    "n_samples": 226,
    "n_pt_pairs": 191,
    "n_soc_optA": 158,
    "n_soc_optB": 135,
    "n_soc_any": 184
  },
  "metrics": {
    "LLT_term_acc_exact": 0.1902654867256637,
    "LLT_term_acc_fuzzy": 0.21238938053097345,
    "LLT_precision_macro": 0.09146482122260668,
    "LLT_recall_macro": 0.0933679354094579,
    "LLT_f1_macro": 0.08788702646834136,
    "PT_code_acc": 0.39267015706806285,
    "SOC_acc_option_a": 0.6518987341772152,
    "SOC_acc_option_b": 0.8,
    "SOC_acc_any_of_vs_AE": 0.7663043478260869
  }
}