{
  "meta": {
    "dataset": "KI_Projekt_Dauno_AE_Codierung_2022_10_20",
    "model": "nvidia-llama-3.3-70b-instruct-fp8",
    "top_k": 100,
    "max_rows": null,
    "embedding_dim": 384,
    "llm_temp": 0.0,
    "llm_token": 250,
    "timestamp": "2026-01-27T11:27:51",
    "notes": "per-AE results saved in OUTPUT_FILE_NAME.json; aggregated metrics saved here"
  },
  "counts": {
    "n_samples": 443,
    "n_LLT_code_eval": 438,
    "n_PT_code_eval": 438,
    "n_SOC_optA": 393,
    "n_SOC_optB": 392,
    "n_SOC_any": 395
  },
  "metrics": {
    "LLT_term_acc_exact": 0.5575620767494357,
    "LLT_term_acc_fuzzy": 0.600451467268623,
    "LLT_precision_macro": 0.3629540749105966,
    "LLT_recall_macro": 0.3654313380628292,
    "LLT_f1_macro": 0.35454924494792106,
    "PT_term_acc_exact": 0.7832957110609481,
    "PT_term_acc_fuzzy": 0.7155756207674944,
    "PT_precision_macro": 0.6747433308087184,
    "PT_recall_macro": 0.6687653280196199,
    "PT_f1_macro": 0.6623896644125892,
    "LLT_code_acc": 0.5639269406392694,
    "PT_code_acc": 0.7876712328767124,
    "SOC_acc_option_a": 0.8676844783715013,
    "SOC_acc_option_b": 0.9260204081632653,
    "SOC_acc_any_of_vs_AE": 0.9088607594936708
  }
}