{
  "meta": {
    "dataset": "KI_Projekt_Delta_AE_Codierung_2023_02_08",
    "model": "nvidia-llama-3.3-70b-instruct-fp8",
    "top_k": 100,
    "max_rows": null,
    "embedding_dim": 384,
    "llm_temp": 0.0,
    "llm_token": 250,
    "timestamp": "2026-01-27T11:35:28",
    "notes": "per-AE results saved in OUTPUT_FILE_NAME.json; aggregated metrics saved here"
  },
  "counts": {
    "n_samples": 226,
    "n_LLT_code_eval": 223,
    "n_PT_code_eval": 221,
    "n_SOC_optA": 210,
    "n_SOC_optB": 209,
    "n_SOC_any": 214
  },
  "metrics": {
    "LLT_term_acc_exact": 0.5,
    "LLT_term_acc_fuzzy": 0.5398230088495575,
    "LLT_precision_macro": 0.3200793650793651,
    "LLT_recall_macro": 0.3177460317460317,
    "LLT_f1_macro": 0.3074794781937639,
    "PT_term_acc_exact": 0.7743362831858407,
    "PT_term_acc_fuzzy": 0.7345132743362832,
    "PT_precision_macro": 0.5910947712418301,
    "PT_recall_macro": 0.5862758564964448,
    "PT_f1_macro": 0.5771269278462373,
    "LLT_code_acc": 0.5067264573991032,
    "PT_code_acc": 0.7873303167420814,
    "SOC_acc_option_a": 0.8523809523809524,
    "SOC_acc_option_b": 0.9043062200956937,
    "SOC_acc_any_of_vs_AE": 0.9112149532710281
  }
}