{
  "meta": {
    "dataset": "KI_Projekt_Mosaic_AE_Codierung_2024_07_03",
    "model": "nvidia-llama-3.3-70b-instruct-fp8",
    "top_k": 100,
    "max_rows": null,
    "embedding_dim": 384,
    "llm_temp": 0.0,
    "llm_token": 250,
    "timestamp": "2026-01-27T11:06:58",
    "notes": "per-AE results saved in OUTPUT_FILE_NAME.json; aggregated metrics saved here"
  },
  "counts": {
    "n_samples": 179,
    "n_LLT_code_eval": 178,
    "n_PT_code_eval": 177,
    "n_SOC_optA": 169,
    "n_SOC_optB": 168,
    "n_SOC_any": 169
  },
  "metrics": {
    "LLT_term_acc_exact": 0.5977653631284916,
    "LLT_term_acc_fuzzy": 0.6536312849162011,
    "LLT_precision_macro": 0.4247835497835497,
    "LLT_recall_macro": 0.39069264069264065,
    "LLT_f1_macro": 0.3982655872266262,
    "PT_term_acc_exact": 0.8379888268156425,
    "PT_term_acc_fuzzy": 0.7932960893854749,
    "PT_precision_macro": 0.7141316073354909,
    "PT_recall_macro": 0.7011326860841424,
    "PT_f1_macro": 0.696493771940885,
    "LLT_code_acc": 0.601123595505618,
    "PT_code_acc": 0.847457627118644,
    "SOC_acc_option_a": 0.8520710059171598,
    "SOC_acc_option_b": 0.9107142857142857,
    "SOC_acc_any_of_vs_AE": 0.893491124260355
  }
}