{
  "meta": {
    "dataset": "KI_Projekt_Delta_AE_Codierung_2023_02_08",
    "model": "llama-3.3-70b-instruct",
    "n_candidates": 100,
    "max_rows": null,
    "seed": 42,
    "timestamp": "2026-01-26T12:20:52",
    "notes": "per-AE results saved in OUT_JSON with seed suffix; aggregated metrics saved here"
  },
  "counts": {
    "n_samples": 226,
    "n_pt_pairs": 191,
    "n_soc_optA": 156,
    "n_soc_optB": 136,
    "n_soc_any": 185
  },
  "metrics": {
    "LLT_term_acc_exact": 0.22566371681415928,
    "LLT_term_acc_fuzzy": 0.24336283185840707,
    "LLT_precision_macro": 0.12346335697399526,
    "LLT_recall_macro": 0.11601654846335697,
    "LLT_f1_macro": 0.11334929845568144,
    "PT_code_acc": 0.42408376963350786,
    "SOC_acc_option_a": 0.5961538461538461,
    "SOC_acc_option_b": 0.7647058823529411,
    "SOC_acc_any_of_vs_AE": 0.7405405405405405
  }
}