{
  "meta": {
    "dataset": "KI_Projekt_Mosaic_AE_Codierung_2024_07_03",
    "model": "llama-3.3-70b-instruct",
    "n_candidates": 100,
    "max_rows": null,
    "seed": 42,
    "timestamp": "2026-01-26T11:35:32",
    "notes": "per-AE results saved in OUT_JSON with seed suffix; aggregated metrics saved here"
  },
  "counts": {
    "n_samples": 179,
    "n_pt_pairs": 166,
    "n_soc_optA": 150,
    "n_soc_optB": 142,
    "n_soc_any": 158
  },
  "metrics": {
    "LLT_term_acc_exact": 0.3407821229050279,
    "LLT_term_acc_fuzzy": 0.39664804469273746,
    "LLT_precision_macro": 0.18097560975609753,
    "LLT_recall_macro": 0.15796747967479674,
    "LLT_f1_macro": 0.16357723577235772,
    "PT_code_acc": 0.5180722891566265,
    "SOC_acc_option_a": 0.6666666666666666,
    "SOC_acc_option_b": 0.7535211267605634,
    "SOC_acc_any_of_vs_AE": 0.7215189873417721
  }
}