{
  "meta": {
    "dataset": "KI_Projekt_Dauno_AE_Codierung_2022_10_20",
    "model": "nvidia-llama-3.3-70b-instruct-fp8",
    "baseline": "zero-shot",
    "max_rows": null,
    "seed": 43,
    "timestamp": "2026-01-15T09:34:54",
    "notes": "Zero-shot baseline: no candidate list; validity vs MedDRA dictionary recorded; retry+null-safe enabled."
  },
  "counts": {
    "n_samples": 443,
    "n_pt_pairs": 323,
    "n_soc_optA": 287,
    "n_soc_optB": 283,
    "n_soc_any": 296
  },
  "metrics": {
    "LLT_term_acc_exact": 0.37020316027088035,
    "LLT_term_acc_fuzzy": 0.44469525959367945,
    "LLT_precision_macro": 0.2038796913796914,
    "LLT_recall_macro": 0.21916600666600666,
    "LLT_f1_macro": 0.20439278202436095,
    "PT_code_acc": 0.8452012383900929,
    "SOC_acc_option_a": 0.8780487804878049,
    "SOC_acc_option_b": 0.9717314487632509,
    "SOC_acc_any_of_vs_AE": 0.9391891891891891,
    "Valid_MedDRA_LLT_rate": 0.7291196388261851
  }
}