{
  "meta": {
    "dataset": "KI_Projekt_Dauno_AE_Codierung_2022_10_20",
    "model": "nvidia-llama-3.3-70b-instruct-fp8",
    "baseline": "zero-shot",
    "max_rows": null,
    "seed": 44,
    "timestamp": "2026-01-15T10:49:52",
    "notes": "Zero-shot baseline: no candidate list; validity vs MedDRA dictionary recorded; retry+null-safe enabled."
  },
  "counts": {
    "n_samples": 443,
    "n_pt_pairs": 324,
    "n_soc_optA": 288,
    "n_soc_optB": 284,
    "n_soc_any": 297
  },
  "metrics": {
    "LLT_term_acc_exact": 0.37020316027088035,
    "LLT_term_acc_fuzzy": 0.44469525959367945,
    "LLT_precision_macro": 0.20433991641666588,
    "LLT_recall_macro": 0.21966073805802924,
    "LLT_f1_macro": 0.20485416527949496,
    "PT_code_acc": 0.8425925925925926,
    "SOC_acc_option_a": 0.8784722222222222,
    "SOC_acc_option_b": 0.971830985915493,
    "SOC_acc_any_of_vs_AE": 0.9393939393939394,
    "Valid_MedDRA_LLT_rate": 0.7313769751693002
  }
}