{
  "meta": {
    "dataset": "KI_Projekt_Delta_AE_Codierung_2023_02_08",
    "model": "nvidia-llama-3.3-70b-instruct-fp8",
    "baseline": "zero-shot",
    "max_rows": null,
    "seed": 42,
    "timestamp": "2026-01-15T09:44:00",
    "notes": "Zero-shot baseline: no candidate list; validity vs MedDRA dictionary recorded; retry+null-safe enabled."
  },
  "counts": {
    "n_samples": 226,
    "n_pt_pairs": 159,
    "n_soc_optA": 126,
    "n_soc_optB": 122,
    "n_soc_any": 154
  },
  "metrics": {
    "LLT_term_acc_exact": 0.2743362831858407,
    "LLT_term_acc_fuzzy": 0.3185840707964602,
    "LLT_precision_macro": 0.1710926694329184,
    "LLT_recall_macro": 0.17455048409405255,
    "LLT_f1_macro": 0.16443238642408764,
    "PT_code_acc": 0.8364779874213837,
    "SOC_acc_option_a": 0.7777777777777778,
    "SOC_acc_option_b": 0.9508196721311475,
    "SOC_acc_any_of_vs_AE": 0.8961038961038961,
    "Valid_MedDRA_LLT_rate": 0.7079646017699115
  }
}