{
  "meta": {
    "dataset": "KI_Projekt_Delta_AE_Codierung_2023_02_08",
    "model": "llama-3.3-70b-instruct",
    "n_candidates": 100,
    "max_rows": null,
    "seed": 44,
    "timestamp": "2026-01-26T12:53:52",
    "notes": "per-AE results saved in OUT_JSON with seed suffix; aggregated metrics saved here"
  },
  "counts": {
    "n_samples": 226,
    "n_pt_pairs": 184,
    "n_soc_optA": 154,
    "n_soc_optB": 136,
    "n_soc_any": 177
  },
  "metrics": {
    "LLT_term_acc_exact": 0.18141592920353983,
    "LLT_term_acc_fuzzy": 0.2079646017699115,
    "LLT_precision_macro": 0.0959866220735786,
    "LLT_recall_macro": 0.09459308807134893,
    "LLT_f1_macro": 0.09026261735291835,
    "PT_code_acc": 0.375,
    "SOC_acc_option_a": 0.6558441558441559,
    "SOC_acc_option_b": 0.7426470588235294,
    "SOC_acc_any_of_vs_AE": 0.7796610169491526
  }
}