{
  "meta": {
    "dataset": "KI_Projekt_Delta_AE_Codierung_2023_02_08",
    "model": "llama-3.3-70b-instruct",
    "n_candidates": 100,
    "max_rows": null,
    "seed": 42,
    "timestamp": "2025-09-25T20:02:57",
    "notes": "per-AE results saved in OUT_JSON with seed suffix; aggregated metrics saved here"
  },
  "counts": {
    "n_samples": 226,
    "n_pt_pairs": 224,
    "n_soc_optA": 177,
    "n_soc_optB": 172,
    "n_soc_any": 216
  },
  "metrics": {
    "LLT_term_acc_exact": 0.6592920353982301,
    "LLT_term_acc_fuzzy": 0.6902654867256637,
    "LLT_precision_macro": 0.45149122807017544,
    "LLT_recall_macro": 0.4592280701754386,
    "LLT_f1_macro": 0.4448491383497504,
    "PT_code_acc": 0.8526785714285714,
    "SOC_acc_option_a": 0.807909604519774,
    "SOC_acc_option_b": 0.9302325581395349,
    "SOC_acc_any_of_vs_AE": 0.8981481481481481
  }
}